Country Name,Number Of Partners,href,URL
All Categories,0,/partners/country/pakistan-172?&,https://www.odoo.com/partners/country/all-categories-pakistan-172?&
Gold,0,/partners/grade/gold-1/country/pakistan-172?&,https://www.odoo.com/partners/country/gold-pakistan-172?&
Silver,0,/partners/grade/silver-2/country/pakistan-172?&,https://www.odoo.com/partners/country/silver-pakistan-172?&
Ready,0,/partners/grade/ready-3/country/pakistan-172?&,https://www.odoo.com/partners/country/ready-pakistan-172?&
All Countries,2574,/partners?&country_all=True,https://www.odoo.com/partners/country/all-countries-partners?&country_all=True
Albania,4,/partners/country/albania-6,https://www.odoo.com/partners/country/albania-albania-6
Algeria,8,/partners/country/algeria-61,https://www.odoo.com/partners/country/algeria-algeria-61
Andorra,1,/partners/country/andorra-1,https://www.odoo.com/partners/country/andorra-andorra-1
Angola,2,/partners/country/angola-9,https://www.odoo.com/partners/country/angola-angola-9
Argentina,69,/partners/country/argentina-11,https://www.odoo.com/partners/country/argentina-argentina-11
Armenia,2,/partners/country/armenia-7,https://www.odoo.com/partners/country/armenia-armenia-7
Aruba,5,/partners/country/aruba-15,https://www.odoo.com/partners/country/aruba-aruba-15
Australia,26,/partners/country/australia-14,https://www.odoo.com/partners/country/australia-australia-14
Austria,19,/partners/country/austria-13,https://www.odoo.com/partners/country/austria-austria-13
Azerbaijan,1,/partners/country/azerbaijan-16,https://www.odoo.com/partners/country/azerbaijan-azerbaijan-16
Bahrain,6,/partners/country/bahrain-23,https://www.odoo.com/partners/country/bahrain-bahrain-23
Bangladesh,10,/partners/country/bangladesh-19,https://www.odoo.com/partners/country/bangladesh-bangladesh-19
Barbados,3,/partners/country/barbados-18,https://www.odoo.com/partners/country/barbados-barbados-18
Belgium,74,/partners/country/belgium-20,https://www.odoo.com/partners/country/belgium-belgium-20
Bolivia,20,/partners/country/bolivia-28,https://www.odoo.com/partners/country/bolivia-bolivia-28
Botswana,1,/partners/country/botswana-33,https://www.odoo.com/partners/country/botswana-botswana-33
Brazil,20,/partners/country/brazil-29,https://www.odoo.com/partners/country/brazil-brazil-29
Bulgaria,2,/partners/country/bulgaria-22,https://www.odoo.com/partners/country/bulgaria-bulgaria-22
Burkina Faso,1,/partners/country/burkina-faso-21,https://www.odoo.com/partners/country/burkina-faso-burkina-faso-21
Cambodia,3,/partners/country/cambodia-112,https://www.odoo.com/partners/country/cambodia-cambodia-112
Cameroon,3,/partners/country/cameroon-45,https://www.odoo.com/partners/country/cameroon-cameroon-45
Canada,77,/partners/country/canada-36,https://www.odoo.com/partners/country/canada-canada-36
Canary Islands,3,/partners/country/canary-islands-290,https://www.odoo.com/partners/country/canary-islands-canary-islands-290
Chile,56,/partners/country/chile-44,https://www.odoo.com/partners/country/chile-chile-44
China,15,/partners/country/china-46,https://www.odoo.com/partners/country/china-china-46
Colombia,89,/partners/country/colombia-47,https://www.odoo.com/partners/country/colombia-colombia-47
Congo,3,/partners/country/congo-40,https://www.odoo.com/partners/country/congo-congo-40
Costa Rica,35,/partners/country/costa-rica-48,https://www.odoo.com/partners/country/costa-rica-costa-rica-48
Croatia,8,/partners/country/croatia-95,https://www.odoo.com/partners/country/croatia-croatia-95
Curaçao,7,/partners/country/curacao-252,https://www.odoo.com/partners/country/curaçao-curacao-252
Cyprus,3,/partners/country/cyprus-54,https://www.odoo.com/partners/country/cyprus-cyprus-54
Czech Republic,5,/partners/country/czech-republic-55,https://www.odoo.com/partners/country/czech-republic-czech-republic-55
Côte d'Ivoire,7,/partners/country/cote-d-ivoire-42,https://www.odoo.com/partners/country/côte-d'ivoire-cote-d-ivoire-42
Democratic Republic of the Congo,3,/partners/country/democratic-republic-of-the-congo-39,https://www.odoo.com/partners/country/democratic-republic-of-the-congo-democratic-republic-of-the-congo-39
Denmark,5,/partners/country/denmark-58,https://www.odoo.com/partners/country/denmark-denmark-58
Dominica,2,/partners/country/dominica-59,https://www.odoo.com/partners/country/dominica-dominica-59
Dominican Republic,48,/partners/country/dominican-republic-60,https://www.odoo.com/partners/country/dominican-republic-dominican-republic-60
Ecuador,44,/partners/country/ecuador-62,https://www.odoo.com/partners/country/ecuador-ecuador-62
Egypt,83,/partners/country/egypt-64,https://www.odoo.com/partners/country/egypt-egypt-64
El Salvador,20,/partners/country/el-salvador-201,https://www.odoo.com/partners/country/el-salvador-el-salvador-201
Estonia,6,/partners/country/estonia-63,https://www.odoo.com/partners/country/estonia-estonia-63
Ethiopia,5,/partners/country/ethiopia-68,https://www.odoo.com/partners/country/ethiopia-ethiopia-68
Fiji,1,/partners/country/fiji-70,https://www.odoo.com/partners/country/fiji-fiji-70
Finland,7,/partners/country/finland-69,https://www.odoo.com/partners/country/finland-finland-69
France,86,/partners/country/france-74,https://www.odoo.com/partners/country/france-france-74
French Polynesia,4,/partners/country/french-polynesia-169,https://www.odoo.com/partners/country/french-polynesia-french-polynesia-169
Gabon,4,/partners/country/gabon-75,https://www.odoo.com/partners/country/gabon-gabon-75
Georgia,2,/partners/country/georgia-77,https://www.odoo.com/partners/country/georgia-georgia-77
Germany,51,/partners/country/germany-56,https://www.odoo.com/partners/country/germany-germany-56
Ghana,2,/partners/country/ghana-79,https://www.odoo.com/partners/country/ghana-ghana-79
Greece,2,/partners/country/greece-86,https://www.odoo.com/partners/country/greece-greece-86
Guam,1,/partners/country/guam-89,https://www.odoo.com/partners/country/guam-guam-89
Guatemala,60,/partners/country/guatemala-88,https://www.odoo.com/partners/country/guatemala-guatemala-88
Guinea,2,/partners/country/guinea-83,https://www.odoo.com/partners/country/guinea-guinea-83
Haiti,3,/partners/country/haiti-96,https://www.odoo.com/partners/country/haiti-haiti-96
Honduras,17,/partners/country/honduras-94,https://www.odoo.com/partners/country/honduras-honduras-94
Hong Kong,13,/partners/country/hong-kong-92,https://www.odoo.com/partners/country/hong-kong-hong-kong-92
Hungary,3,/partners/country/hungary-97,https://www.odoo.com/partners/country/hungary-hungary-97
Iceland,2,/partners/country/iceland-105,https://www.odoo.com/partners/country/iceland-iceland-105
India,80,/partners/country/india-101,https://www.odoo.com/partners/country/india-india-101
Indonesia,36,/partners/country/indonesia-98,https://www.odoo.com/partners/country/indonesia-indonesia-98
Iraq,23,/partners/country/iraq-103,https://www.odoo.com/partners/country/iraq-iraq-103
Ireland,4,/partners/country/ireland-99,https://www.odoo.com/partners/country/ireland-ireland-99
Israel,6,/partners/country/israel-100,https://www.odoo.com/partners/country/israel-israel-100
Italy,49,/partners/country/italy-106,https://www.odoo.com/partners/country/italy-italy-106
Jamaica,3,/partners/country/jamaica-107,https://www.odoo.com/partners/country/jamaica-jamaica-107
Japan,6,/partners/country/japan-109,https://www.odoo.com/partners/country/japan-japan-109
Jordan,14,/partners/country/jordan-108,https://www.odoo.com/partners/country/jordan-jordan-108
Kazakhstan,1,/partners/country/kazakhstan-120,https://www.odoo.com/partners/country/kazakhstan-kazakhstan-120
Kenya,11,/partners/country/kenya-110,https://www.odoo.com/partners/country/kenya-kenya-110
Kosovo,1,/partners/country/kosovo-315,https://www.odoo.com/partners/country/kosovo-kosovo-315
Kuwait,15,/partners/country/kuwait-118,https://www.odoo.com/partners/country/kuwait-kuwait-118
Laos,1,/partners/country/laos-121,https://www.odoo.com/partners/country/laos-laos-121
Latvia,3,/partners/country/latvia-130,https://www.odoo.com/partners/country/latvia-latvia-130
Lebanon,16,/partners/country/lebanon-122,https://www.odoo.com/partners/country/lebanon-lebanon-122
Libya,8,/partners/country/libya-131,https://www.odoo.com/partners/country/libya-libya-131
Lithuania,12,/partners/country/lithuania-128,https://www.odoo.com/partners/country/lithuania-lithuania-128
Luxembourg,17,/partners/country/luxembourg-129,https://www.odoo.com/partners/country/luxembourg-luxembourg-129
Madagascar,5,/partners/country/madagascar-135,https://www.odoo.com/partners/country/madagascar-madagascar-135
Malaysia,12,/partners/country/malaysia-151,https://www.odoo.com/partners/country/malaysia-malaysia-151
Maldives,3,/partners/country/maldives-148,https://www.odoo.com/partners/country/maldives-maldives-148
Mali,3,/partners/country/mali-138,https://www.odoo.com/partners/country/mali-mali-138
Malta,4,/partners/country/malta-146,https://www.odoo.com/partners/country/malta-malta-146
Martinique,4,/partners/country/martinique-143,https://www.odoo.com/partners/country/martinique-martinique-143
Mauritania,3,/partners/country/mauritania-144,https://www.odoo.com/partners/country/mauritania-mauritania-144
Mauritius,5,/partners/country/mauritius-147,https://www.odoo.com/partners/country/mauritius-mauritius-147
Mexico,100,/partners/country/mexico-150,https://www.odoo.com/partners/country/mexico-mexico-150
Monaco,1,/partners/country/monaco-133,https://www.odoo.com/partners/country/monaco-monaco-133
Mongolia,5,/partners/country/mongolia-140,https://www.odoo.com/partners/country/mongolia-mongolia-140
Montenegro,1,/partners/country/montenegro-50,https://www.odoo.com/partners/country/montenegro-montenegro-50
Morocco,22,/partners/country/morocco-132,https://www.odoo.com/partners/country/morocco-morocco-132
Mozambique,3,/partners/country/mozambique-152,https://www.odoo.com/partners/country/mozambique-mozambique-152
Myanmar,13,/partners/country/myanmar-139,https://www.odoo.com/partners/country/myanmar-myanmar-139
Nepal,4,/partners/country/nepal-161,https://www.odoo.com/partners/country/nepal-nepal-161
Netherlands,31,/partners/country/netherlands-159,https://www.odoo.com/partners/country/netherlands-netherlands-159
New Caledonia,1,/partners/country/new-caledonia-154,https://www.odoo.com/partners/country/new-caledonia-new-caledonia-154
New Zealand,4,/partners/country/new-zealand-165,https://www.odoo.com/partners/country/new-zealand-new-zealand-165
Nicaragua,6,/partners/country/nicaragua-158,https://www.odoo.com/partners/country/nicaragua-nicaragua-158
Nigeria,8,/partners/country/nigeria-157,https://www.odoo.com/partners/country/nigeria-nigeria-157
Norway,4,/partners/country/norway-160,https://www.odoo.com/partners/country/norway-norway-160
Oman,12,/partners/country/oman-166,https://www.odoo.com/partners/country/oman-oman-166
Pakistan,25,/partners/country/pakistan-172,https://www.odoo.com/partners/country/pakistan-pakistan-172
Panama,26,/partners/country/panama-167,https://www.odoo.com/partners/country/panama-panama-167
Paraguay,10,/partners/country/paraguay-179,https://www.odoo.com/partners/country/paraguay-paraguay-179
Peru,62,/partners/country/peru-168,https://www.odoo.com/partners/country/peru-peru-168
Philippines,27,/partners/country/philippines-171,https://www.odoo.com/partners/country/philippines-philippines-171
Poland,11,/partners/country/poland-173,https://www.odoo.com/partners/country/poland-poland-173
Portugal,10,/partners/country/portugal-177,https://www.odoo.com/partners/country/portugal-portugal-177
Puerto Rico,11,/partners/country/puerto-rico-176,https://www.odoo.com/partners/country/puerto-rico-puerto-rico-176
Qatar,14,/partners/country/qatar-180,https://www.odoo.com/partners/country/qatar-qatar-180
Romania,12,/partners/country/romania-182,https://www.odoo.com/partners/country/romania-romania-182
Rwanda,4,/partners/country/rwanda-184,https://www.odoo.com/partners/country/rwanda-rwanda-184
République de Macédoine,1,/partners/country/republique-de-macedoine-137,https://www.odoo.com/partners/country/république-de-macédoine-republique-de-macedoine-137
Réunion,3,/partners/country/reunion-181,https://www.odoo.com/partners/country/réunion-reunion-181
Saudi Arabia,97,/partners/country/saudi-arabia-185,https://www.odoo.com/partners/country/saudi-arabia-saudi-arabia-185
Senegal,8,/partners/country/senegal-197,https://www.odoo.com/partners/country/senegal-senegal-197
Serbia,3,/partners/country/serbia-49,https://www.odoo.com/partners/country/serbia-serbia-49
Singapore,14,/partners/country/singapore-190,https://www.odoo.com/partners/country/singapore-singapore-190
Slovak Republic,4,/partners/country/slovak-republic-194,https://www.odoo.com/partners/country/slovak-republic-slovak-republic-194
Slovenia,5,/partners/country/slovenia-192,https://www.odoo.com/partners/country/slovenia-slovenia-192
Somalia,9,/partners/country/somalia-198,https://www.odoo.com/partners/country/somalia-somalia-198
South Africa,15,/partners/country/south-africa-239,https://www.odoo.com/partners/country/south-africa-south-africa-239
South Korea,3,/partners/country/south-korea-117,https://www.odoo.com/partners/country/south-korea-south-korea-117
South Sudan,1,/partners/country/south-sudan-258,https://www.odoo.com/partners/country/south-sudan-south-sudan-258
Spain,76,/partners/country/spain-67,https://www.odoo.com/partners/country/spain-spain-67
Sri Lanka,8,/partners/country/sri-lanka-125,https://www.odoo.com/partners/country/sri-lanka-sri-lanka-125
State of Palestine,6,/partners/country/state-of-palestine-257,https://www.odoo.com/partners/country/state-of-palestine-state-of-palestine-257
Sudan,2,/partners/country/sudan-188,https://www.odoo.com/partners/country/sudan-sudan-188
Suriname,5,/partners/country/suriname-199,https://www.odoo.com/partners/country/suriname-suriname-199
Sweden,4,/partners/country/sweden-189,https://www.odoo.com/partners/country/sweden-sweden-189
Switzerland,35,/partners/country/switzerland-41,https://www.odoo.com/partners/country/switzerland-switzerland-41
Taiwan,4,/partners/country/taiwan-218,https://www.odoo.com/partners/country/taiwan-taiwan-218
Tanzania,3,/partners/country/tanzania-219,https://www.odoo.com/partners/country/tanzania-tanzania-219
Thailand,20,/partners/country/thailand-208,https://www.odoo.com/partners/country/thailand-thailand-208
Trinidad and Tobago,11,/partners/country/trinidad-and-tobago-216,https://www.odoo.com/partners/country/trinidad-and-tobago-trinidad-and-tobago-216
Tunisia,8,/partners/country/tunisia-212,https://www.odoo.com/partners/country/tunisia-tunisia-212
Turkey,9,/partners/country/turkey-215,https://www.odoo.com/partners/country/turkey-turkey-215
Uganda,5,/partners/country/uganda-221,https://www.odoo.com/partners/country/uganda-uganda-221
Ukraine,9,/partners/country/ukraine-220,https://www.odoo.com/partners/country/ukraine-ukraine-220
United Arab Emirates,55,/partners/country/united-arab-emirates-2,https://www.odoo.com/partners/country/united-arab-emirates-united-arab-emirates-2
United Kingdom,21,/partners/country/united-kingdom-222,https://www.odoo.com/partners/country/united-kingdom-united-kingdom-222
United States,177,/partners/country/united-states-224,https://www.odoo.com/partners/country/united-states-united-states-224
Uruguay,17,/partners/country/uruguay-225,https://www.odoo.com/partners/country/uruguay-uruguay-225
Venezuela,74,/partners/country/venezuela-229,https://www.odoo.com/partners/country/venezuela-venezuela-229
Vietnam,19,/partners/country/vietnam-232,https://www.odoo.com/partners/country/vietnam-vietnam-232
Yemen,4,/partners/country/yemen-236,https://www.odoo.com/partners/country/yemen-yemen-236
Zambia,2,/partners/country/zambia-240,https://www.odoo.com/partners/country/zambia-zambia-240
Zimbabwe,1,/partners/country/zimbabwe-242,https://www.odoo.com/partners/country/zimbabwe-zimbabwe-242
الْعَرَبيّة,0,https://www.odoo.com/ar/partners,https://www.odoo.com/partners/country/الْعَرَبيّة-partners
简体中文,0,https://www.odoo.com/zh_CN/partners,https://www.odoo.com/partners/country/简体中文-partners
繁體中文,0,https://www.odoo.com/zh_TW/partners,https://www.odoo.com/partners/country/繁體中文-partners
Čeština,0,https://www.odoo.com/cs_CZ/partners,https://www.odoo.com/partners/country/čeština-partners
Nederlands,0,https://www.odoo.com/nl_NL/partners,https://www.odoo.com/partners/country/nederlands-partners
English,0,https://www.odoo.com/partners,https://www.odoo.com/partners/country/english-partners
Français,0,https://www.odoo.com/fr_FR/partners,https://www.odoo.com/partners/country/français-partners
Deutsch,0,https://www.odoo.com/de_DE/partners,https://www.odoo.com/partners/country/deutsch-partners
Bahasa Indonesia,0,https://www.odoo.com/id_ID/partners,https://www.odoo.com/partners/country/bahasa-indonesia-partners
Italiano,0,https://www.odoo.com/it_IT/partners,https://www.odoo.com/partners/country/italiano-partners
日本語,0,https://www.odoo.com/ja_JP/partners,https://www.odoo.com/partners/country/日本語-partners
한국어 (KR),0,https://www.odoo.com/ko_KR/partners,https://www.odoo.com/partners/country/한국어-(kr)-partners
Português (BR),0,https://www.odoo.com/pt_BR/partners,https://www.odoo.com/partners/country/português-(br)-partners
română,0,https://www.odoo.com/ro_RO/partners,https://www.odoo.com/partners/country/română-partners
русский язык,0,https://www.odoo.com/ru_RU/partners,https://www.odoo.com/partners/country/русский-язык-partners
Slovenský jazyk,0,https://www.odoo.com/sk_SK/partners,https://www.odoo.com/partners/country/slovenský-jazyk-partners
slovenščina,0,https://www.odoo.com/sl_SI/partners,https://www.odoo.com/partners/country/slovenščina-partners
Español (América Latina),0,https://www.odoo.com/es/partners,https://www.odoo.com/partners/country/español-(américa-latina)-partners
Español,0,https://www.odoo.com/es_ES/partners,https://www.odoo.com/partners/country/español-partners
ภาษาไทย,0,https://www.odoo.com/th_TH/partners,https://www.odoo.com/partners/country/ภาษาไทย-partners
Türkçe,0,https://www.odoo.com/tr_TR/partners,https://www.odoo.com/partners/country/türkçe-partners
українська,0,https://www.odoo.com/uk_UA/partners,https://www.odoo.com/partners/country/українська-partners
Tiếng Việt,0,https://www.odoo.com/vi_VN/partners,https://www.odoo.com/partners/country/tiếng-việt-partners
